mean_fit_time,std_fit_time,mean_score_time,std_score_time,param_mnb__alpha,param_top_k__k,param_vectorizer__min_df,param_vectorizer__stop_words,split0_test_score,split1_test_score,split2_test_score,split3_test_score,split4_test_score,mean_test_score,std_test_score,rank_test_score
0.06568551063537598,0.006573507833080394,0.016249942779541015,0.004246253454263124,0.01,50,1,none,0.8333333333333334,0.86,0.81,0.7633333333333333,0.77,0.8073333333333335,0.036842005012394936,160
0.06797242164611816,0.001818867122662785,0.013004875183105469,0.0016501091380643046,0.01,50,1,nltk,0.8733333333333333,0.8733333333333333,0.82,0.8,0.7966666666666666,0.8326666666666667,0.03414999593297517,133
0.06083240509033203,0.004699396916242633,0.012423086166381835,0.0017695232748530083,0.01,50,2,none,0.8333333333333334,0.86,0.81,0.7633333333333333,0.77,0.8073333333333335,0.036842005012394936,160
0.052108144760131835,0.002993612137386098,0.012265539169311524,0.0014156552777427327,0.01,50,2,nltk,0.8733333333333333,0.8733333333333333,0.82,0.8,0.7966666666666666,0.8326666666666667,0.03414999593297517,133
0.045268917083740236,0.006081583262872818,0.011151266098022462,0.0015210422916111747,0.01,50,5,none,0.8333333333333334,0.86,0.81,0.7633333333333333,0.77,0.8073333333333335,0.036842005012394936,160
0.04981107711791992,0.0032276000448978937,0.011088180541992187,0.001321299145668708,0.01,50,5,nltk,0.8733333333333333,0.8733333333333333,0.82,0.8,0.7966666666666666,0.8326666666666667,0.03414999593297517,133
0.06416459083557129,0.009805685471197223,0.01427454948425293,0.0016651250542907762,0.01,100,1,none,0.8533333333333334,0.8566666666666667,0.8066666666666666,0.8266666666666667,0.8133333333333334,0.8313333333333333,0.02039607805437116,151
0.06299209594726562,0.005363659913216984,0.021139049530029298,0.002992491196159919,0.01,100,1,nltk,0.87,0.8866666666666667,0.8366666666666667,0.84,0.7933333333333333,0.8453333333333333,0.032013885876114596,130
0.06432871818542481,0.008065736209002278,0.01649327278137207,0.0018731417317781514,0.01,100,2,none,0.8533333333333334,0.8566666666666667,0.8066666666666666,0.8266666666666667,0.8133333333333334,0.8313333333333333,0.02039607805437116,151
0.060779380798339847,0.00878972709951684,0.013858890533447266,0.0009578047071415442,0.01,100,2,nltk,0.87,0.8866666666666667,0.8366666666666667,0.84,0.7933333333333333,0.8453333333333333,0.032013885876114596,130
0.056577539443969725,0.003682067592447682,0.017795753479003907,0.005705116782227501,0.01,100,5,none,0.8533333333333334,0.8566666666666667,0.8066666666666666,0.8266666666666667,0.8133333333333334,0.8313333333333333,0.02039607805437116,151
0.0587155818939209,0.008403311822611071,0.015799999237060547,0.002931230636587578,0.01,100,5,nltk,0.87,0.8866666666666667,0.8366666666666667,0.84,0.7933333333333333,0.8453333333333333,0.032013885876114596,130
0.0799799919128418,0.0063438576771501975,0.01491856575012207,0.0022727219257437543,0.01,250,1,none,0.89,0.8933333333333333,0.8733333333333333,0.8533333333333334,0.88,0.8779999999999999,0.014236104336041732,115
0.07640376091003417,0.006340080339114936,0.01807122230529785,0.004406933126651982,0.01,250,1,nltk,0.8866666666666667,0.91,0.8666666666666667,0.8633333333333333,0.8766666666666667,0.8806666666666667,0.016786237749352246,109
0.07633147239685059,0.014648050627063817,0.016875028610229492,0.0035418768331804467,0.01,250,2,none,0.89,0.8933333333333333,0.8733333333333333,0.8533333333333334,0.88,0.8779999999999999,0.014236104336041732,115
0.07099499702453613,0.009142420651125256,0.017664098739624025,0.004774320245459136,0.01,250,2,nltk,0.8866666666666667,0.91,0.8666666666666667,0.8633333333333333,0.8766666666666667,0.8806666666666667,0.016786237749352246,109
0.07490386962890624,0.019818361089963033,0.019762086868286132,0.00649598987205752,0.01,250,5,none,0.89,0.8933333333333333,0.8733333333333333,0.8533333333333334,0.88,0.8779999999999999,0.014236104336041732,115
0.058816385269165036,0.008702862472250668,0.01501469612121582,0.0024345365438421663,0.01,250,5,nltk,0.8866666666666667,0.91,0.8666666666666667,0.8633333333333333,0.8766666666666667,0.8806666666666667,0.016786237749352246,109
0.08809170722961426,0.020472862902201832,0.021237659454345702,0.0050216068521634115,0.01,500,1,none,0.9,0.9,0.8933333333333333,0.87,0.8666666666666667,0.8859999999999999,0.014666666666666666,89
0.08841824531555176,0.012343171127279066,0.016860246658325195,0.003961647353748182,0.01,500,1,nltk,0.9066666666666666,0.9033333333333333,0.89,0.9033333333333333,0.8966666666666666,0.9,0.005962847939999428,41
0.06724858283996582,0.002471063490481019,0.01647162437438965,0.00247489653778164,0.01,500,2,none,0.9,0.9,0.8933333333333333,0.87,0.8666666666666667,0.8859999999999999,0.014666666666666666,89
0.06401352882385254,0.0047388943828151914,0.016700029373168945,0.0031524162284829256,0.01,500,2,nltk,0.9066666666666666,0.9033333333333333,0.89,0.9033333333333333,0.8966666666666666,0.9,0.005962847939999428,41
0.061060428619384766,0.00468533867425086,0.01642308235168457,0.0019653990159185014,0.01,500,5,none,0.9033333333333333,0.9033333333333333,0.8933333333333333,0.87,0.8666666666666667,0.8873333333333335,0.015972198067614574,86
0.06931991577148437,0.015873875308122808,0.015613174438476563,0.0027465871415156932,0.01,500,5,nltk,0.8966666666666666,0.9066666666666666,0.89,0.9066666666666666,0.8933333333333333,0.8986666666666666,0.006863753427324649,53
0.08256840705871582,0.010234429542414665,0.015801239013671874,0.002323586781398147,0.01,1000,1,none,0.9033333333333333,0.9133333333333333,0.89,0.88,0.8733333333333333,0.892,0.014696938456699074,83
0.07766718864440918,0.004833595263585964,0.016055488586425783,0.0021379923239284193,0.01,1000,1,nltk,0.9333333333333333,0.9133333333333333,0.8933333333333333,0.8933333333333333,0.8833333333333333,0.9033333333333335,0.017888543819998333,25
0.0797236442565918,0.012106223237403454,0.016071224212646486,0.003244181686059435,0.01,1000,2,none,0.9033333333333333,0.9166666666666666,0.89,0.88,0.8733333333333333,0.8926666666666666,0.015691469727919755,80
0.06142234802246094,0.0052493673593280036,0.012913942337036133,0.00023967417070127874,0.01,1000,2,nltk,0.9333333333333333,0.9133333333333333,0.8933333333333333,0.8933333333333333,0.8866666666666667,0.9040000000000001,0.01717879830230017,22
0.07319073677062989,0.008919833912675692,0.021514034271240233,0.005151983335736281,0.01,1000,5,none,0.9066666666666666,0.9233333333333333,0.8966666666666666,0.9033333333333333,0.8733333333333333,0.9006666666666666,0.016248076809271934,39
0.07141237258911133,0.012211901718861284,0.014572763442993164,0.0019254694166837586,0.01,1000,5,nltk,0.8933333333333333,0.93,0.9033333333333333,0.9166666666666666,0.8833333333333333,0.9053333333333333,0.016546231527987832,14
0.0734555721282959,0.0037830392764032763,0.01699509620666504,0.004021103451428521,0.01,2000,1,none,0.9166666666666666,0.9066666666666666,0.8966666666666666,0.8933333333333333,0.8733333333333333,0.8973333333333333,0.01451436070471816,60
0.08119750022888184,0.0097684951204654,0.015874338150024415,0.001804236748365776,0.01,2000,1,nltk,0.9266666666666666,0.9166666666666666,0.91,0.8966666666666666,0.8733333333333333,0.9046666666666667,0.018451136670797404,16
0.0624147891998291,0.005540494793910213,0.016129016876220703,0.0028359723722011414,0.01,2000,2,none,0.9166666666666666,0.9166666666666666,0.9066666666666666,0.9033333333333333,0.87,0.9026666666666665,0.017178798302300156,31
0.0738025188446045,0.012068163537877452,0.01775698661804199,0.0057244108943307745,0.01,2000,2,nltk,0.9166666666666666,0.9233333333333333,0.8966666666666666,0.91,0.8866666666666667,0.9066666666666666,0.013333333333333324,8
0.06810407638549805,0.015091483612511364,0.021573448181152345,0.004917487977038567,0.01,2000,5,none,0.9066666666666666,0.9166666666666666,0.9,0.8966666666666666,0.8666666666666667,0.8973333333333333,0.016786237749352204,60
0.06384639739990235,0.007577859136189692,0.015524148941040039,0.002711317617120865,0.01,2000,5,nltk,0.9033333333333333,0.93,0.9033333333333333,0.9133333333333333,0.8866666666666667,0.9073333333333334,0.014204850501775014,5
0.08678765296936035,0.004858259516349804,0.015056991577148437,0.0036198865331012447,0.01,all,1,none,0.9066666666666666,0.9,0.9033333333333333,0.8966666666666666,0.8733333333333333,0.8959999999999999,0.011813363431112906,70
0.08412017822265624,0.019701496195653888,0.016719579696655273,0.0032615100670335185,0.01,all,1,nltk,0.91,0.9166666666666666,0.9033333333333333,0.8866666666666667,0.8533333333333334,0.8939999999999999,0.022647050335284014,77
0.08949513435363769,0.040288468972937544,0.01774630546569824,0.0025464299732890386,0.01,all,2,none,0.92,0.9133333333333333,0.9,0.8966666666666666,0.8766666666666667,0.9013333333333333,0.01499629583893599,34
0.06812362670898438,0.013924404676662568,0.014591503143310546,0.0034498500072752056,0.01,all,2,nltk,0.92,0.9266666666666666,0.8966666666666666,0.9133333333333333,0.8866666666666667,0.9086666666666666,0.014847371634213385,3
0.07180814743041992,0.009334642178695434,0.02125687599182129,0.00957680233515746,0.01,all,5,none,0.9066666666666666,0.9166666666666666,0.9,0.8966666666666666,0.8666666666666667,0.8973333333333333,0.016786237749352204,60
0.06688604354858399,0.016204880668018153,0.019318580627441406,0.010317455508798187,0.01,all,5,nltk,0.9033333333333333,0.93,0.9033333333333333,0.9133333333333333,0.8866666666666667,0.9073333333333334,0.014204850501775014,5
0.09748759269714355,0.017537163622042867,0.016975975036621092,0.0034976824345850223,0.1,50,1,none,0.8333333333333334,0.86,0.81,0.7633333333333333,0.77,0.8073333333333335,0.036842005012394936,160
0.10031638145446778,0.018353328393144484,0.01705336570739746,0.004134871068391581,0.1,50,1,nltk,0.8733333333333333,0.8733333333333333,0.8166666666666667,0.8,0.7966666666666666,0.8320000000000001,0.034422215049134876,145
0.07867116928100586,0.008824440957073767,0.02363758087158203,0.010103321981259426,0.1,50,2,none,0.8333333333333334,0.86,0.81,0.7633333333333333,0.77,0.8073333333333335,0.036842005012394936,160
0.0819786548614502,0.019453258649907997,0.02188587188720703,0.008230595181815476,0.1,50,2,nltk,0.8733333333333333,0.8733333333333333,0.8166666666666667,0.8,0.7966666666666666,0.8320000000000001,0.034422215049134876,145
0.08018980026245118,0.008357127265822311,0.022324180603027342,0.013681348988710712,0.1,50,5,none,0.8333333333333334,0.86,0.81,0.7633333333333333,0.77,0.8073333333333335,0.036842005012394936,160
0.07455625534057617,0.008456780164201564,0.01473827362060547,0.0012957000768922392,0.1,50,5,nltk,0.8733333333333333,0.8733333333333333,0.8166666666666667,0.8,0.7966666666666666,0.8320000000000001,0.034422215049134876,145
0.08837723731994629,0.012222772736928022,0.023886966705322265,0.010417870008124063,0.1,100,1,none,0.8533333333333334,0.86,0.8066666666666666,0.8266666666666667,0.8166666666666667,0.8326666666666667,0.020698899595013382,133
0.08138113021850586,0.010472797472931695,0.019086837768554688,0.0063659347342957424,0.1,100,1,nltk,0.87,0.8866666666666667,0.8366666666666667,0.84,0.7966666666666666,0.8460000000000001,0.03094080369565947,127
0.07152032852172852,0.014243756677940676,0.015110111236572266,0.0018835125367764574,0.1,100,2,none,0.8533333333333334,0.86,0.8066666666666666,0.8266666666666667,0.8166666666666667,0.8326666666666667,0.020698899595013382,133
0.0663729190826416,0.010217704240588363,0.014814519882202148,0.0028260189864220357,0.1,100,2,nltk,0.87,0.8866666666666667,0.8366666666666667,0.84,0.7966666666666666,0.8460000000000001,0.03094080369565947,127
0.07582526206970215,0.0076621810515804115,0.02039332389831543,0.003997682059879128,0.1,100,5,none,0.8533333333333334,0.86,0.8066666666666666,0.8266666666666667,0.8166666666666667,0.8326666666666667,0.020698899595013382,133
0.05430526733398437,0.00399043890331923,0.01928267478942871,0.006151968574479312,0.1,100,5,nltk,0.87,0.8866666666666667,0.8366666666666667,0.84,0.7966666666666666,0.8460000000000001,0.03094080369565947,127
0.08330206871032715,0.012955053759039405,0.017982292175292968,0.005242300450599606,0.1,250,1,none,0.8933333333333333,0.8966666666666666,0.88,0.8566666666666667,0.8833333333333333,0.882,0.014079141387961893,103
0.08974056243896485,0.01138723680474421,0.018258953094482423,0.004475184270402943,0.1,250,1,nltk,0.8866666666666667,0.9133333333333333,0.8766666666666667,0.8666666666666667,0.87,0.8826666666666666,0.016786237749352225,100
0.07011518478393555,0.010432302980630028,0.016153955459594728,0.003632575395760796,0.1,250,2,none,0.8933333333333333,0.8966666666666666,0.88,0.8566666666666667,0.8833333333333333,0.882,0.014079141387961893,103
0.06348142623901368,0.00241533955597211,0.014105606079101562,0.0019131389429363085,0.1,250,2,nltk,0.8866666666666667,0.9133333333333333,0.8766666666666667,0.8666666666666667,0.87,0.8826666666666666,0.016786237749352225,100
0.06460514068603515,0.0050831913771233845,0.014749097824096679,0.0028563769342965467,0.1,250,5,none,0.8933333333333333,0.8966666666666666,0.88,0.8566666666666667,0.8833333333333333,0.882,0.014079141387961893,103
0.0630678653717041,0.00801626045042201,0.015591669082641601,0.0025888612720709105,0.1,250,5,nltk,0.8866666666666667,0.9133333333333333,0.8766666666666667,0.8666666666666667,0.87,0.8826666666666666,0.016786237749352225,100
0.08933959007263184,0.015754134251287483,0.021387863159179687,0.006497744860294292,0.1,500,1,none,0.9,0.9,0.8933333333333333,0.8766666666666667,0.8666666666666667,0.8873333333333335,0.013399834161494512,86
0.08020000457763672,0.012537439602541441,0.01394968032836914,0.0006398329631872807,0.1,500,1,nltk,0.9066666666666666,0.9066666666666666,0.8966666666666666,0.9066666666666666,0.8833333333333333,0.9,0.00918936583472681,41
0.08686003684997559,0.027271293318834253,0.019292736053466798,0.007050535600142983,0.1,500,2,none,0.9,0.9,0.8933333333333333,0.8766666666666667,0.8666666666666667,0.8873333333333335,0.013399834161494512,86
0.07877740859985352,0.02356877212631033,0.015590858459472657,0.002926923817643892,0.1,500,2,nltk,0.9066666666666666,0.9066666666666666,0.8966666666666666,0.9066666666666666,0.8833333333333333,0.9,0.00918936583472681,41
0.07835206985473633,0.010585487551207041,0.01954488754272461,0.006262278581105012,0.1,500,5,none,0.9,0.9033333333333333,0.8933333333333333,0.8766666666666667,0.8666666666666667,0.8879999999999999,0.014079141387961902,84
0.08076553344726563,0.013603019728396018,0.021582317352294923,0.005825512156482195,0.1,500,5,nltk,0.8966666666666666,0.9133333333333333,0.8966666666666666,0.91,0.8833333333333333,0.9,0.01074967699773142,41
0.09315204620361328,0.012106309839398822,0.025777626037597656,0.009851416756007397,0.1,1000,1,none,0.91,0.9066666666666666,0.91,0.8833333333333333,0.87,0.8959999999999999,0.016384274303259356,70
0.0968665599822998,0.012285400897364856,0.021667957305908203,0.004627141095223684,0.1,1000,1,nltk,0.9266666666666666,0.91,0.9,0.8966666666666666,0.88,0.9026666666666667,0.015405626677721787,28
0.06641616821289062,0.005486823478616745,0.019311952590942382,0.007786307927331518,0.1,1000,2,none,0.91,0.91,0.91,0.8833333333333333,0.87,0.8966666666666667,0.016865480854231375,68
0.06023373603820801,0.0020335474351413562,0.014985990524291993,0.0025023374703094597,0.1,1000,2,nltk,0.9266666666666666,0.91,0.8966666666666666,0.8966666666666666,0.8833333333333333,0.9026666666666667,0.014666666666666679,28
0.06483206748962403,0.005563037012377387,0.01572275161743164,0.0020556671384283094,0.1,1000,5,none,0.9066666666666666,0.92,0.9,0.9066666666666666,0.87,0.9006666666666666,0.016653327995729068,39
0.06262288093566895,0.005951406926109619,0.016906261444091797,0.004609132631884319,0.1,1000,5,nltk,0.89,0.9266666666666666,0.9033333333333333,0.9166666666666666,0.8766666666666667,0.9026666666666665,0.017938165396098254,31
0.07733597755432128,0.0032620369929679508,0.013418817520141601,0.0008016038483846667,0.1,2000,1,none,0.9133333333333333,0.9033333333333333,0.9033333333333333,0.89,0.8833333333333333,0.8986666666666666,0.01066666666666667,53
0.07674064636230468,0.012085574136334596,0.01655135154724121,0.0027976545519731036,0.1,2000,1,nltk,0.93,0.92,0.9066666666666666,0.89,0.8733333333333333,0.9040000000000001,0.02037427571991486,22
0.07569189071655273,0.010206493276027025,0.015843820571899415,0.003095269143592868,0.1,2000,2,none,0.9133333333333333,0.9166666666666666,0.9066666666666666,0.8966666666666666,0.8733333333333333,0.9013333333333333,0.015577761927397236,34
0.07157039642333984,0.009515911589239633,0.019745588302612305,0.004110946911399841,0.1,2000,2,nltk,0.92,0.9166666666666666,0.8933333333333333,0.9066666666666666,0.8866666666666667,0.9046666666666667,0.012927146286443534,16
0.0793349266052246,0.00582789942356237,0.016863203048706053,0.003957400529578092,0.1,2000,5,none,0.91,0.9166666666666666,0.9033333333333333,0.9,0.87,0.9,0.016055459438389725,41
0.068621826171875,0.0095660761636665,0.016277170181274413,0.002911801046927571,0.1,2000,5,nltk,0.9,0.9266666666666666,0.9066666666666666,0.9133333333333333,0.8766666666666667,0.9046666666666667,0.016546231527987787,16
0.08506035804748535,0.0033612426958126948,0.013344001770019532,0.0006680269632556525,0.1,all,1,none,0.9033333333333333,0.9066666666666666,0.9133333333333333,0.9033333333333333,0.87,0.8993333333333334,0.015114378731672842,50
0.09128546714782715,0.016415971883429595,0.014553308486938477,0.0028616155884787406,0.1,all,1,nltk,0.9166666666666666,0.9166666666666666,0.9066666666666666,0.9,0.8533333333333334,0.8986666666666666,0.02353248345963035,53
0.07205371856689453,0.010055774645915972,0.016105461120605468,0.0027769002107610463,0.1,all,2,none,0.92,0.9133333333333333,0.9,0.8933333333333333,0.88,0.9013333333333333,0.014236104336041758,34
0.06267905235290527,0.0027442260122635064,0.013471364974975586,0.0015612520721928335,0.1,all,2,nltk,0.9233333333333333,0.9166666666666666,0.8933333333333333,0.91,0.8866666666666667,0.906,0.013888444437333093,12
0.06634321212768554,0.0073739601128323656,0.01898202896118164,0.0031409022534599016,0.1,all,5,none,0.91,0.9166666666666666,0.9033333333333333,0.9,0.87,0.9,0.016055459438389725,41
0.057329320907592775,0.0030594862725088763,0.01451873779296875,0.0019727578490517086,0.1,all,5,nltk,0.9,0.9266666666666666,0.9066666666666666,0.9133333333333333,0.8766666666666667,0.9046666666666667,0.016546231527987787,16
0.07897434234619141,0.0022612125673794167,0.014551353454589844,0.0010052806612624143,0.5,50,1,none,0.8366666666666667,0.8633333333333333,0.8133333333333334,0.7633333333333333,0.77,0.8093333333333333,0.03832028763519976,157
0.08088626861572265,0.013624143561661884,0.016318321228027344,0.0034457001359903044,0.5,50,1,nltk,0.8733333333333333,0.8766666666666667,0.8166666666666667,0.8,0.7933333333333333,0.8319999999999999,0.03593821859184947,148
0.06540594100952149,0.008523927294015203,0.013903045654296875,0.0011159920790214204,0.5,50,2,none,0.8366666666666667,0.8633333333333333,0.8133333333333334,0.7633333333333333,0.77,0.8093333333333333,0.03832028763519976,157
0.06004610061645508,0.004677001424884757,0.014431953430175781,0.0020676816489145597,0.5,50,2,nltk,0.8733333333333333,0.8766666666666667,0.8166666666666667,0.8,0.7933333333333333,0.8319999999999999,0.03593821859184947,148
0.06047124862670898,0.0035208567020522242,0.01531219482421875,0.0024857101248454898,0.5,50,5,none,0.8366666666666667,0.8633333333333333,0.8133333333333334,0.7633333333333333,0.77,0.8093333333333333,0.03832028763519976,157
0.06277704238891602,0.009580507640744805,0.016985416412353516,0.005903904171932118,0.5,50,5,nltk,0.8733333333333333,0.8766666666666667,0.8166666666666667,0.8,0.7933333333333333,0.8319999999999999,0.03593821859184947,148
0.0772395133972168,0.006857959372502819,0.016283845901489256,0.0029511936705822186,0.5,100,1,none,0.85,0.86,0.81,0.8233333333333334,0.82,0.8326666666666667,0.01902045682358279,133
0.09062671661376953,0.015337704449571884,0.017876482009887694,0.003868201554800434,0.5,100,1,nltk,0.8766666666666667,0.8866666666666667,0.8366666666666667,0.8433333333333334,0.7966666666666666,0.8480000000000001,0.031944396135229196,121
0.0665292739868164,0.004522297053961017,0.01780424118041992,0.006858382401327593,0.5,100,2,none,0.85,0.86,0.81,0.8233333333333334,0.82,0.8326666666666667,0.01902045682358279,133
0.06912384033203126,0.009977282775941582,0.017665719985961913,0.0032681979641719927,0.5,100,2,nltk,0.8766666666666667,0.8866666666666667,0.8366666666666667,0.8433333333333334,0.7966666666666666,0.8480000000000001,0.031944396135229196,121
0.08294296264648438,0.035470099006796,0.01465907096862793,0.0010625644187150544,0.5,100,5,none,0.85,0.86,0.81,0.8233333333333334,0.82,0.8326666666666667,0.01902045682358279,133
0.05968408584594727,0.013643580671801186,0.015310192108154297,0.0026056150488805983,0.5,100,5,nltk,0.8766666666666667,0.8866666666666667,0.8366666666666667,0.8433333333333334,0.7966666666666666,0.8480000000000001,0.031944396135229196,121
0.0821192741394043,0.018282511559427755,0.01634373664855957,0.0025002157212717963,0.5,250,1,none,0.89,0.89,0.88,0.86,0.8766666666666667,0.8793333333333333,0.01103529690483124,112
0.08599801063537597,0.013861402426602434,0.017056369781494142,0.004781999812524006,0.5,250,1,nltk,0.8866666666666667,0.9133333333333333,0.8766666666666667,0.8633333333333333,0.8766666666666667,0.8833333333333334,0.016733200530681516,97
0.09010825157165528,0.03820206771654131,0.01602182388305664,0.0029945629780881782,0.5,250,2,none,0.89,0.89,0.88,0.86,0.8766666666666667,0.8793333333333333,0.01103529690483124,112
0.07124772071838378,0.014983187635956042,0.01725616455078125,0.0023810054815548865,0.5,250,2,nltk,0.8866666666666667,0.9133333333333333,0.8766666666666667,0.8633333333333333,0.8766666666666667,0.8833333333333334,0.016733200530681516,97
0.06142821311950684,0.006281617829326929,0.015424013137817383,0.0020909729728257912,0.5,250,5,none,0.89,0.89,0.88,0.86,0.8766666666666667,0.8793333333333333,0.01103529690483124,112
0.060655403137207034,0.009336233319135166,0.013312911987304688,0.0009169017092158394,0.5,250,5,nltk,0.8866666666666667,0.9133333333333333,0.8766666666666667,0.8633333333333333,0.8766666666666667,0.8833333333333334,0.016733200530681516,97
0.08438200950622558,0.0082437415039188,0.01632852554321289,0.0030904406705388006,0.5,500,1,none,0.8933333333333333,0.8966666666666666,0.8933333333333333,0.8766666666666667,0.8633333333333333,0.8846666666666667,0.01275408431313932,92
0.07935400009155273,0.007062495993867934,0.015289783477783203,0.0029277139681067287,0.5,500,1,nltk,0.9066666666666666,0.9066666666666666,0.89,0.9066666666666666,0.8766666666666667,0.8973333333333333,0.012183777921664675,60
0.06630387306213378,0.00815567488202868,0.015402746200561524,0.0021467435120449824,0.5,500,2,none,0.8933333333333333,0.8966666666666666,0.8933333333333333,0.8766666666666667,0.8633333333333333,0.8846666666666667,0.01275408431313932,92
0.06306014060974122,0.0051449104156139165,0.016538333892822266,0.004245526610798406,0.5,500,2,nltk,0.9066666666666666,0.9066666666666666,0.89,0.9066666666666666,0.8766666666666667,0.8973333333333333,0.012183777921664675,60
0.08408174514770508,0.0330686515598389,0.016630077362060548,0.003560502239947102,0.5,500,5,none,0.8966666666666666,0.9,0.8933333333333333,0.8766666666666667,0.8633333333333333,0.8859999999999999,0.01388844443733311,89
0.05991439819335938,0.0076057323123679904,0.015966129302978516,0.0036504155747993537,0.5,500,5,nltk,0.9,0.9133333333333333,0.8933333333333333,0.9066666666666666,0.8766666666666667,0.898,0.012578641509408788,58
0.08298897743225098,0.018250111322406407,0.015270423889160157,0.00352706591043137,0.5,1000,1,none,0.91,0.91,0.9066666666666666,0.8766666666666667,0.87,0.8946666666666667,0.017587874611030556,73
0.07751002311706542,0.01298253678294206,0.016916990280151367,0.0032913083119679378,0.5,1000,1,nltk,0.9333333333333333,0.9133333333333333,0.9066666666666666,0.8966666666666666,0.8733333333333333,0.9046666666666667,0.019731531449265007,16
0.07790155410766601,0.009380819766127167,0.016531705856323242,0.002747712312528585,0.5,1000,2,none,0.91,0.9133333333333333,0.9066666666666666,0.8766666666666667,0.8733333333333333,0.8959999999999999,0.017307673314329558,70
0.06947855949401856,0.006934721857147554,0.015324878692626952,0.0034486384267253044,0.5,1000,2,nltk,0.9333333333333333,0.9066666666666666,0.9066666666666666,0.8966666666666666,0.88,0.9046666666666667,0.01733333333333334,16
0.056608057022094725,0.001989300912895679,0.016072177886962892,0.0034806620188543086,0.5,1000,5,none,0.9,0.9266666666666666,0.9,0.9,0.8666666666666667,0.8986666666666666,0.019043809142780914,53
0.05718731880187988,0.005135888897340701,0.014635324478149414,0.0010787698235438358,0.5,1000,5,nltk,0.9,0.9333333333333333,0.9066666666666666,0.9166666666666666,0.88,0.9073333333333334,0.01768866554856213,5
0.0823596477508545,0.013722006106043015,0.01557750701904297,0.002853164188708224,0.5,2000,1,none,0.9066666666666666,0.9166666666666666,0.8966666666666666,0.8833333333333333,0.88,0.8966666666666667,0.013824294235551803,68
0.0792457103729248,0.014122486414447126,0.015827703475952148,0.003027195782509854,0.5,2000,1,nltk,0.9266666666666666,0.9066666666666666,0.9166666666666666,0.9,0.8766666666666667,0.9053333333333333,0.016944353369518418,14
0.07260618209838868,0.013838609128239423,0.016102313995361328,0.0020349375487697836,0.5,2000,2,none,0.91,0.9166666666666666,0.91,0.8933333333333333,0.88,0.9019999999999999,0.013432961119739923,33
0.07216639518737793,0.013222088777042272,0.01672062873840332,0.004517276639362537,0.5,2000,2,nltk,0.9166666666666666,0.92,0.9133333333333333,0.9133333333333333,0.8833333333333333,0.9093333333333333,0.013232955494186153,1
0.06381630897521973,0.010846472265606455,0.020421409606933595,0.004065855482444305,0.5,2000,5,none,0.91,0.9233333333333333,0.9,0.89,0.8633333333333333,0.8973333333333333,0.020264912204760906,60
0.06192340850830078,0.0064872639446644535,0.015925025939941405,0.0017365564184872388,0.5,2000,5,nltk,0.9033333333333333,0.9266666666666666,0.91,0.91,0.8833333333333333,0.9066666666666666,0.013984117975602027,8
0.08560385704040527,0.015081317772180554,0.015892601013183592,0.00270772610539607,0.5,all,1,none,0.9033333333333333,0.9133333333333333,0.9,0.8933333333333333,0.86,0.8940000000000001,0.018184242262647813,76
0.07989773750305176,0.010322957184734608,0.013995075225830078,0.0021105682277128687,0.5,all,1,nltk,0.92,0.9133333333333333,0.9066666666666666,0.9,0.8533333333333334,0.8986666666666666,0.023626726862225784,53
0.06677184104919434,0.006926621605672571,0.013602781295776366,0.0011439565160692863,0.5,all,2,none,0.9066666666666666,0.92,0.91,0.89,0.88,0.9013333333333333,0.01439135542994861,34
0.06320371627807617,0.002840139371841154,0.015695762634277344,0.0034025059438921247,0.5,all,2,nltk,0.92,0.9233333333333333,0.9066666666666666,0.9166666666666666,0.88,0.9093333333333333,0.015691469727919762,1
0.06402034759521484,0.0057587971271300204,0.015449237823486329,0.002954404500043181,0.5,all,5,none,0.91,0.9233333333333333,0.9,0.89,0.8633333333333333,0.8973333333333333,0.020264912204760906,60
0.06671023368835449,0.008312838345715863,0.01683521270751953,0.0022619338177740935,0.5,all,5,nltk,0.9033333333333333,0.9266666666666666,0.91,0.91,0.8833333333333333,0.9066666666666666,0.013984117975602027,8
0.09561948776245117,0.01914611509512799,0.018323421478271484,0.003945249950289427,1.0,50,1,none,0.8333333333333334,0.8566666666666667,0.81,0.76,0.7766666666666666,0.8073333333333332,0.03549021774454979,166
0.08859009742736816,0.022473545490016573,0.015968132019042968,0.003218345470073068,1.0,50,1,nltk,0.87,0.8766666666666667,0.82,0.7933333333333333,0.7933333333333333,0.8306666666666667,0.03623380864453652,154
0.09805727005004883,0.04921190466467919,0.015584897994995118,0.0022959262698973295,1.0,50,2,none,0.8333333333333334,0.8566666666666667,0.81,0.76,0.7766666666666666,0.8073333333333332,0.03549021774454979,166
0.08420300483703613,0.04031977801790559,0.014906549453735351,0.0013286781128270737,1.0,50,2,nltk,0.87,0.8766666666666667,0.82,0.7933333333333333,0.7933333333333333,0.8306666666666667,0.03623380864453652,154
0.06531095504760742,0.006114730028234064,0.014916753768920899,0.002348806352841901,1.0,50,5,none,0.8333333333333334,0.8566666666666667,0.81,0.76,0.7766666666666666,0.8073333333333332,0.03549021774454979,166
0.06020412445068359,0.007216600761850451,0.014125823974609375,0.0033103311081930493,1.0,50,5,nltk,0.87,0.8766666666666667,0.82,0.7933333333333333,0.7933333333333333,0.8306666666666667,0.03623380864453652,154
0.10866894721984863,0.0519614862684004,0.017026090621948244,0.002362146895985628,1.0,100,1,none,0.85,0.86,0.81,0.8233333333333334,0.82,0.8326666666666667,0.01902045682358279,133
0.08616113662719727,0.01849544479035057,0.015426015853881836,0.0032184329333555654,1.0,100,1,nltk,0.8766666666666667,0.8833333333333333,0.8366666666666667,0.8433333333333334,0.7966666666666666,0.8473333333333333,0.03115552385479447,124
0.06565566062927246,0.004350699706691742,0.01420454978942871,0.0011782126336110125,1.0,100,2,none,0.85,0.86,0.81,0.8233333333333334,0.82,0.8326666666666667,0.01902045682358279,133
0.07242622375488281,0.008406317603303027,0.016661834716796876,0.004253928390133696,1.0,100,2,nltk,0.8766666666666667,0.8833333333333333,0.8366666666666667,0.8433333333333334,0.7966666666666666,0.8473333333333333,0.03115552385479447,124
0.06445388793945313,0.008073530919853123,0.015244150161743164,0.0033771979984694787,1.0,100,5,none,0.85,0.86,0.81,0.8233333333333334,0.82,0.8326666666666667,0.01902045682358279,133
0.06657209396362304,0.013267607657232845,0.016925621032714843,0.003444914236982959,1.0,100,5,nltk,0.8766666666666667,0.8833333333333333,0.8366666666666667,0.8433333333333334,0.7966666666666666,0.8473333333333333,0.03115552385479447,124
0.08152332305908203,0.007956608033805343,0.016233348846435548,0.003590351532266443,1.0,250,1,none,0.89,0.89,0.8766666666666667,0.8533333333333334,0.8766666666666667,0.8773333333333333,0.013399834161494505,118
0.09450654983520508,0.04639782270237883,0.016886520385742187,0.0015736218600249045,1.0,250,1,nltk,0.8833333333333333,0.9133333333333333,0.8733333333333333,0.8633333333333333,0.8733333333333333,0.8813333333333333,0.017204650534085267,106
0.06371073722839356,0.004548190908844554,0.014426565170288086,0.0009205569948876498,1.0,250,2,none,0.89,0.89,0.8766666666666667,0.8533333333333334,0.8766666666666667,0.8773333333333333,0.013399834161494505,118
0.0609245777130127,0.005203980665689727,0.013076496124267579,0.0005374449653821962,1.0,250,2,nltk,0.8833333333333333,0.9133333333333333,0.8733333333333333,0.8633333333333333,0.8733333333333333,0.8813333333333333,0.017204650534085267,106
0.05826234817504883,0.002302255136074473,0.013712596893310548,0.0015046182086358463,1.0,250,5,none,0.89,0.89,0.8766666666666667,0.8533333333333334,0.8766666666666667,0.8773333333333333,0.013399834161494505,118
0.05767192840576172,0.0033687183753523644,0.017136335372924805,0.004037673175230565,1.0,250,5,nltk,0.8833333333333333,0.9133333333333333,0.8733333333333333,0.8633333333333333,0.8733333333333333,0.8813333333333333,0.017204650534085267,106
0.08311252593994141,0.01519619042352344,0.015924501419067382,0.0016783273256941462,1.0,500,1,none,0.89,0.8933333333333333,0.8933333333333333,0.88,0.8633333333333333,0.884,0.011430952132988175,94
0.07113466262817383,0.004911367334127518,0.01418447494506836,0.001227261538409129,1.0,500,1,nltk,0.9133333333333333,0.9066666666666666,0.8966666666666666,0.9033333333333333,0.8766666666666667,0.8993333333333332,0.012543258481484501,51
0.06397390365600586,0.005893408658200028,0.017215871810913087,0.0030552441367556757,1.0,500,2,none,0.89,0.8933333333333333,0.8933333333333333,0.88,0.8633333333333333,0.884,0.011430952132988175,94
0.07747759819030761,0.012007503363964502,0.01953015327453613,0.0018182438527331393,1.0,500,2,nltk,0.9133333333333333,0.9066666666666666,0.8966666666666666,0.9033333333333333,0.8766666666666667,0.8993333333333332,0.012543258481484501,51
0.06445875167846679,0.010482698692253998,0.019050216674804686,0.0029921580713543473,1.0,500,5,none,0.89,0.8966666666666666,0.8933333333333333,0.88,0.86,0.884,0.01323295549418613,94
0.05405783653259277,0.0042528113827172654,0.013800859451293945,0.00160935559421064,1.0,500,5,nltk,0.9033333333333333,0.9133333333333333,0.8933333333333333,0.9033333333333333,0.8766666666666667,0.898,0.012400716825158834,58
0.09713287353515625,0.03688829428842142,0.01594538688659668,0.003810987413217556,1.0,1000,1,none,0.9033333333333333,0.91,0.9033333333333333,0.8733333333333333,0.8733333333333333,0.8926666666666666,0.01597219806761461,80
0.06942415237426758,0.0017992159208401314,0.017256879806518556,0.004020154176246945,1.0,1000,1,nltk,0.9233333333333333,0.9133333333333333,0.91,0.89,0.8766666666666667,0.9026666666666667,0.016918103387266018,28
0.06972084045410157,0.008167595362860198,0.01591978073120117,0.0037083612230849514,1.0,1000,2,none,0.9033333333333333,0.91,0.9033333333333333,0.8733333333333333,0.8766666666666667,0.8933333333333333,0.015202339001321844,78
0.06860127449035644,0.0155873890161785,0.017251253128051758,0.003944329916860894,1.0,1000,2,nltk,0.9233333333333333,0.9133333333333333,0.91,0.8966666666666666,0.8766666666666667,0.9039999999999999,0.016110727964792758,24
0.06162281036376953,0.008255684159691506,0.015431690216064452,0.0017468561906883505,1.0,1000,5,none,0.9,0.9233333333333333,0.9,0.8933333333333333,0.87,0.8973333333333333,0.017048949136725902,60
0.08096485137939453,0.03959562697314935,0.014029407501220703,0.0027674781351244284,1.0,1000,5,nltk,0.8966666666666666,0.93,0.9066666666666666,0.9166666666666666,0.88,0.906,0.01704894913672591,12
0.08729147911071777,0.011158689799911163,0.015299606323242187,0.003456938939757159,1.0,2000,1,none,0.9,0.9166666666666666,0.8933333333333333,0.88,0.8766666666666667,0.8933333333333333,0.014452988925785847,78
0.10257530212402344,0.055275369967883126,0.015105295181274413,0.0016005502684434817,1.0,2000,1,nltk,0.91,0.91,0.91,0.9033333333333333,0.8666666666666667,0.9,0.016865480854231354,41
0.08712353706359863,0.021407167300124503,0.019597482681274415,0.0058509278736317075,1.0,2000,2,none,0.9033333333333333,0.92,0.9066666666666666,0.8933333333333333,0.8766666666666667,0.9,0.014452988925785861,41
0.075311279296875,0.012967304729374487,0.020541620254516602,0.009877234727107824,1.0,2000,2,nltk,0.92,0.9233333333333333,0.91,0.9166666666666666,0.8733333333333333,0.9086666666666666,0.0182086670449969,3
0.09182028770446778,0.05875072536158492,0.015215206146240234,0.0026766300010283594,1.0,2000,5,none,0.9033333333333333,0.92,0.8966666666666666,0.8833333333333333,0.87,0.8946666666666665,0.01707499796648761,74
0.07059059143066407,0.009799859110062882,0.016358327865600587,0.0022272043270110146,1.0,2000,5,nltk,0.9066666666666666,0.9233333333333333,0.91,0.9033333333333333,0.8733333333333333,0.9033333333333333,0.016465452046971307,26
0.08544116020202637,0.0078422562779589,0.014324283599853516,0.0021351916403528092,1.0,all,1,none,0.8933333333333333,0.91,0.8933333333333333,0.8866666666666667,0.8566666666666667,0.8879999999999999,0.017461067804945055,84
0.06612095832824708,0.011440916823602605,0.011913156509399414,0.002273013475178023,1.0,all,1,nltk,0.9066666666666666,0.9133333333333333,0.9033333333333333,0.8966666666666666,0.8433333333333334,0.8926666666666666,0.025245461638348624,80
0.06946525573730469,0.012356282170780414,0.017621755599975586,0.008227226131334753,1.0,all,2,none,0.91,0.92,0.9066666666666666,0.8966666666666666,0.8733333333333333,0.9013333333333333,0.015860503004493785,34
0.058170747756958005,0.005412451769311341,0.011716318130493165,0.0030529863499853486,1.0,all,2,nltk,0.9166666666666666,0.9233333333333333,0.91,0.9133333333333333,0.87,0.9066666666666666,0.018856180831641266,8
0.05750837326049805,0.006083710638457294,0.011413764953613282,0.002806932879226865,1.0,all,5,none,0.9033333333333333,0.92,0.8966666666666666,0.8833333333333333,0.87,0.8946666666666665,0.01707499796648761,74
0.04475955963134766,0.006654196836597512,0.010716676712036133,0.00271708657672899,1.0,all,5,nltk,0.9066666666666666,0.9233333333333333,0.91,0.9033333333333333,0.8733333333333333,0.9033333333333333,0.016465452046971307,26
